Al,Au,Co,Cu,Hf,In,Mn,Mo,Nb,Nd,Ni,Pd,Pt,Sc,Ta,Ti,V,Zr,Zn,composition,formula,Alloy System,avg_first_ion_en_divi_voro_coord,avg_first_ion_en,avg_voro_coord,dev_mol_vol,avg_atom_mass,avg_mol_vol,Delta,NiTiHfCu base,a0 (A),a (A),b (A),c (A),beta,Transformation,lambda1_calculated,lambda2_reported,lambda2_calculated,lambda2_combined,lambda3_calculated,lambda1lambda2lambda3,Hysteresis (C),Hysteresis (C) new,Ms (C),Mf (C),As (C),Af (C),Tc (C),Enthalphy AtoM (J/g),Enthalphy MtoA (J/g),Enthalphy avg (J/g),Density_reported(g/cm^3),Enthalphy AtoM (J/cm3),Enthalphy MtoA (J/cm3),Enthalphy avg (J/cm3),Ref 1,Ref 2,Ref 3,Total
0,0,0,0,0,0,0,0,0,0,50,0,0,0,0,50,0,0,0,Ni50.0Ti50.0,Ni1Ti1,NiTi,0.697665,7.23396,10.5,2.025,53.2802,8.615,8.49,FALSE,3.007,2.898,4.121,4.619,97.86,B19prime,0.929480012,,0.969067857,0.969067857,1.115642442,1.004891727,,,,,,,,,,,,,,,https://doi.org/10.1155/2014/489701,,,100
0,0,0,0,0,0,0,0,0,0,50.8,0,0,0,0,49.2,0,0,0,Ni50.8Ti49.2,Ni127Ti123,NiTi,0.69668876,7.24045344,10.524,2.0244816,53.3668112,8.5826,8.5,FALSE,3.014,2.884,4.149,4.61,96.25,B19prime,0.934259685,,0.973386209,0.973386209,1.101128689,1.001361467,,,,,,,,,,,,,,,https://doi.org/10.1016/j.jallcom.2022.167907,,,100
0,0,0,0,0,0,0,0,0,0,50,0,0,0,0,50,0,0,0,Ni50.0Ti50.0,Ni1Ti1,NiTi,0.697665,7.23396,10.5,2.025,53.2802,8.615,8.49,FALSE,3.018,2.91,4.123,4.654,97.8,B19prime,0.930894668,,0.966004393,0.966004393,1.118995889,1.006255194,,,,,,,,,,,,,,,https://doi.org/10.1016/j.actamat.2004.06.007,,,100
0,0,0,0,0,0,0,0,0,0,50,0,0,0,0,50,0,0,0,Ni50.0Ti50.0,Ni1Ti1,NiTi,0.697665,7.23396,10.5,2.025,53.2802,8.615,8.49,FALSE,,,,,,B19prime,,0.966,,0.966,,,,,,,,,,,,,,,,,https://doi.org/10.1007/3-540-31631-0_9,,,100
0,0,0,0,0,0,0,0,0,0,50,0,0,0,0,50,0,0,0,Ni50.0Ti50.0,Ni1Ti1,NiTi,0.697665,7.23396,10.5,2.025,53.2802,8.615,8.49,FALSE,3.016,2.909,4.114,4.657,97.9,B19prime,0.930618676,,0.964534913,0.964534913,1.120880083,1.006117883,,,,,,,,,,,,,,,https://doi.org/10.1016/j.actamat.2004.06.007,,,100
0,0,0,0,0,0,0,0,0,0,50.7,0,0,0,0,49.3,0,0,0,Ni50.7Ti49.3,Ni507Ti493,NiTi,0.69681079,7.23964176,10.521,2.0246031,53.3559848,8.58665,8.5,FALSE,3.011,2.882,4.128,4.623,96.7,B19prime,0.932055097,,0.969424375,0.969424375,1.107295798,1.000504792,,,,,,,,,,,,,,,https://doi.org/10.1016/j.actamat.2004.06.007,,,100
0,0,0,0,0,0,0,0,0,0,50.7,0,0,0,0,49.3,0,0,0,Ni50.7Ti49.3,Ni507Ti493,NiTi,0.69681079,7.23964176,10.521,2.0246031,53.3559848,8.58665,8.5,FALSE,3.012,2.882,4.143,4.614,96.35,B19prime,0.933777001,,0.972623969,0.972623969,1.103140368,1.001887407,,,,,,,,,,,,,,,https://doi.org/10.1016/j.actamat.2004.06.007,,,100
0,0,0,0,0,0,0,0,0,0,50.7,0,0,0,0,49.3,0,0,0,Ni50.7Ti49.3,Ni507Ti493,NiTi,0.69681079,7.23964176,10.521,2.0246031,53.3559848,8.58665,8.5,FALSE,3.014,2.893,4.633,4.134,96.96,B19prime,0.932737403,,0.969867098,0.969867098,1.110293194,1.004405996,,,,,,,,,,,,,,,https://doi.org/10.1016/j.msea.2003.11.062,,,100
0,0,0,0,0,0,0,0,0,0,50.7,0,0,0,0,49.3,0,0,0,Ni50.7Ti49.3,Ni507Ti493,NiTi,0.69681079,7.23964176,10.521,2.0246031,53.3559848,8.58665,8.5,FALSE,3.007,2.879,4.622,4.134,96.649,B19prime,0.932757889,,0.972124853,0.972124853,1.108128017,1.004802976,,,,,,,,,,,,,,,https://doi.org/10.1016/j.msea.2003.11.062,,,100
0,0,0,0,0,0,0,0,0,0,50,0,0,0,0,50,0,0,0,Ni50.0Ti50.0,Ni1Ti1,NiTi,0.697665,7.23396,10.5,2.025,53.2802,8.615,8.49,FALSE,3.015,2.889,4.12,4.622,96.8,B19prime,0.932082733,0.966,0.966262003,0.966262003,1.106541107,0.996590899,29,29,,,,,,,,,,,,,https://doi.org/10.1016/j.actamat.2016.08.065,https://doi.org/10.1016/j.pmatsci.2004.10.001,https://doi.org/10.1016/j.actamat.2012.01.025,100
0,0,0,0,0,0,0,0,0,0,50,0,0,0,0,50,0,0,0,Ni50.0Ti50.0,Ni1Ti1,NiTi,0.697665,7.23396,10.5,2.025,53.2802,8.615,8.49,FALSE,3.015,2.883,4.117,4.623,96.8,B19prime,0.93044004,0.966,0.965558414,0.965558414,1.10643187,0.994011985,29,29,,,,,,,,,,,,,https://doi.org/10.1016/j.actamat.2016.08.065,https://doi.org/10.1016/j.pmatsci.2004.10.001,https://doi.org/10.1016/j.actamat.2012.01.025,100
0,0,0,0,0,0,0,0,0,0,50,0,0,0,0,50,0,0,0,Ni50.0Ti50.0,Ni1Ti1,NiTi,0.697665,7.23396,10.5,2.025,53.2802,8.615,8.49,FALSE,3.015,2.898,4.108,4.646,97.78,B19prime,0.928483947,0.963,0.963447647,0.963447647,1.117628402,0.999769653,29,29,,,,,,,,,,,,,https://doi.org/10.1016/j.actamat.2016.08.065,https://doi.org/10.1016/j.pmatsci.2004.10.001,https://doi.org/10.1016/j.actamat.2012.01.025,100
0,0,0,0,0,0,0,0,0,0,50,0,0,0,0,50,0,0,0,Ni50.0Ti50.0,Ni1Ti1,NiTi,0.697665,7.23396,10.5,2.025,53.2802,8.615,8.49,FALSE,3.01,2.88,4.12,4.62,96.8,B19prime,0.931065231,0.968,0.967867089,0.967867089,1.107491823,0.998013371,31,31,,,,,,,,,,,,,https://doi.org/10.1016/j.actamat.2016.08.065,,,100
0,0,0,0,0,0,0,0,0,0,50.7,0,0,0,0,49.3,0,0,0,Ni50.7Ti49.3,Ni507Ti493,NiTi,0.69681079,7.23964176,10.521,2.0246031,53.3559848,8.58665,8.5,FALSE,3.009,2.879,4.614,4.139,96.474,B19prime,0.933062454,,0.972653695,0.972653695,1.104767419,1.002627962,,,,,,,,,,,,,,,https://doi.org/10.1016/j.msea.2003.11.062,,,100
0,0,0,0,0,0,0,0,0,0,50,0,0,0,0,50,0,0,0,Ni50.0Ti50.0,Ni1Ti1,NiTi,0.697665,7.23396,10.5,2.025,53.2802,8.615,8.49,FALSE,3.015,2.889,4.12,4.622,96.8,B19prime,0.932082733,,0.966262003,0.966262003,1.106541107,0.996590899,,,,,,,,,,,,,,,https://doi.org/10.1002/pssa.2210050220,,,100
0,0,0,0,0,0,0,0,0,0,50,0,0,0,0,50,0,0,0,Ni50.0Ti50.0,Ni1Ti1,NiTi,0.697665,7.23396,10.5,2.025,53.2802,8.615,8.49,FALSE,3.013,2.882,4.123,4.626,97,B19prime,0.929530417,,0.967607454,0.967607454,1.108851652,0.997323974,,,,,,,,,,,,,,,https://doi.org/10.1051/jp4:2003981,,,100
0,0,0,0,0,0,0,0,0,0,50,0,0,0,0,50,0,0,0,Ni50.0Ti50.0,Ni1Ti1,NiTi,0.697665,7.23396,10.5,2.025,53.2802,8.615,8.49,FALSE,,,,,,B19prime,,0.969,,0.969,,,,,,,,,,,,,,,,,https://doi.org/10.1002/adfm.200902336,,,100
0,0,0,0,0,0,0,0,0,0,49.99,0,0,0,0,50.01,0,0,0,Ni49.99Ti50.01,Ni4999Ti5001,NiTi,0.697677203,7.233878832,10.4997,2.024999919,53.27911736,8.615405,8.49,FALSE,,,,,,B19prime,,0.964,,0.964,,,41.5,40.95,65.55,38.55,78.95,107.05,72.525,,,,,177.78,179.44,178.61,https://doi.org/10.1016/j.actamat.2010.02.019,,,100
0,0,0,0,0,0,0,0,0,0,50.19,0,0,0,0,49.81,0,0,0,Ni50.19Ti49.81,Ni5019Ti4981,NiTi,0.697433143,7.235502192,10.5057,2.024970759,53.30077016,8.607305,8.49,FALSE,,,,,,B19prime,,0.965,,0.965,,,40,40.5,52.65,22.95,63.95,92.65,58.05,,,,,155.85,153.59,154.72,https://doi.org/10.1016/j.actamat.2010.02.019,,,100
0,0,0,0,0,0,0,0,0,0,50.39,0,0,0,0,49.61,0,0,0,Ni50.39Ti49.61,Ni5039Ti4961,NiTi,0.697189083,7.237125552,10.5117,2.024876799,53.32242296,8.599205,8.49,FALSE,,,,,,B19prime,,0.967,,0.967,,,37.2,40.35,28.95,2.75,46.25,66.15,36.025,,,,,145.22,140.12,142.67,https://doi.org/10.1016/j.actamat.2010.02.019,,,100
0,0,0,0,0,0,0,0,0,0,49.5,0,0,0,0,50.5,0,0,0,Ni49.5Ti50.5,Ni99Ti101,NiTi,0.69827515,7.2299016,10.485,2.0247975,53.226068,8.63525,8.48,FALSE,3.015,2.89,4.108,4.647,97.76,B19prime,0.926496838,,0.963447647,0.963447647,1.117227204,0.997271859,28,27.3,84,60,86.6,112,85.65,,,,,,,,https://doi.org/10.2320/jinstmet.72.152,,,100
0,0,0,0,0,0,0,0,0,0,50,0,0,0,0,50,0,0,0,Ni50.0Ti50.0,Ni1Ti1,NiTi,0.697665,7.23396,10.5,2.025,53.2802,8.615,8.49,FALSE,3.012,2.898,4.108,4.646,97.78,B19prime,0.929408732,,0.964407257,0.964407257,1.118741578,1.002759989,,,,,,,,,,,,,,,https://doi.org/10.1016/j.jallcom.2005.02.031,,,100
0,0,0,0,0,0,0,0,0,0,51,0,0,0,0,49,0,0,0,Ni51.0Ti49.0,Ni51Ti49,NiTi,0.6964447,7.2420768,10.53,2.02419,53.388464,8.5745,8.5,FALSE,,,,,,B19prime,,0.98,,0.98,,,21.9,22.5,-27.05,-50.75,-27.65,-5.15,-27.65,,,,,63.09,56.21,59.65,https://doi.org/10.1016/j.actamat.2010.02.019,,,100
0,0,0,0,0,0,0,0,0,0,50.86,0,0,0,0,49.14,0,0,0,Ni50.86Ti49.14,Ni2543Ti2457,NiTi,0.696615542,7.240940448,10.5258,2.024400924,53.37330704,8.58017,8.5,FALSE,,,,,,B19prime,,0.977,,0.977,,,35.3,37.65,-7.15,-35.25,4.75,28.15,-2.375,,,,,96.73,79.02,87.875,https://doi.org/10.1016/j.actamat.2010.02.019,,,100
0,0,0,0,0,0,0,0,0,0,49.9,0,0,0,0,50.1,0,0,0,Ni49.9Ti50.1,Ni499Ti501,NiTi,0.69778703,7.23314832,10.497,2.0249919,53.2693736,8.61905,8.49,FALSE,3.014,2.874,4.106,4.626,97.18,B19prime,0.925796538,0.963,0.96329809,0.96329809,1.109063355,0.989082703,38.4,38.9,74.1,47.5,86.9,112.5,80.25,,,,,,,,https://doi.org/10.1016/j.msea.2013.02.035,,,100
0,0,0,0,0,0,0,0,0,0,50.59,0,0,0,0,49.41,0,0,0,Ni50.59Ti49.41,Ni5059Ti4941,NiTi,0.696945023,7.238748912,10.5177,2.024718039,53.34407576,8.591105,8.5,FALSE,,,,,,B19prime,,0.97,,0.97,,,34.4,36.5,17.05,-9.75,28.85,51.45,21.9,,,,,128.85,,128.85,https://doi.org/10.1016/j.actamat.2010.02.019,,,100
0,0,0,0,0,0,0,0,0,0,50,0,0,0,0,50,0,0,0,Ni50.0Ti50.0,Ni1Ti1,NiTi,0.697665,7.23396,10.5,2.025,53.2802,8.615,8.49,FALSE,,,,,,B19prime,,0.969,,0.969,,,56,56,,,,,,,36,36,6.44,,231.84,231.84,https://doi.org/10.1016/j.actamat.2009.05.034,,,100
0,0,0,0,0,0,0,0,0,0,54.8,0,0,0,0,45.2,0,0,0,Ni54.8Ti45.2,Ni137Ti113,NiTi,0.69180756,7.27292064,10.644,2.0063376,53.7998672,8.4206,8.52,FALSE,3.023,2.89,4.1,4.65,97.5,B19prime,0.925947427,,0.959026729,0.959026729,1.113375706,0.988686903,,,,,,,,,,,,,,,https://doi.org/10.1007/BF02658390,,,100
0,0,0,0,0,0,0,0,0,0,49.8,0,0,0,0,50.2,0,0,0,Ni49.8Ti50.2,Ni249Ti251,NiTi,0.69790906,7.23233664,10.494,2.0249676,53.2585472,8.6231,8.48,FALSE,3.02,2.89,4.64,4.13,97.1,B19prime,0.929309994,,0.967003644,0.967003644,1.110154187,0.997635787,,,,,,,,,,,,,,,https://doi.org/10.1007/s11661-009-0166-x,,,100
0,0,0,0,0,0,0,0,0,0,50.8,0,0,0,0,49.2,0,0,0,Ni50.8Ti49.2,Ni127Ti123,NiTi,0.69668876,7.24045344,10.524,2.0244816,53.3668112,8.5826,8.5,FALSE,,,,,,B19prime,,0.975,,0.975,,,36.2,37.55,-1.05,-27.85,11.05,35.15,4.325,,,,,96.7,80.16,88.43,https://doi.org/10.1016/j.actamat.2010.02.019,,,100
0,18,0,0,0,0,0,0,0,0,32,0,0,0,0,50,0,0,0,Au18.0Ni32.0Ti50.0,Au9Ni16Ti25,NiTiAu,0.72145095,7.5193914,10.5,1.713024,78.16937042,9.2666,7.49,FALSE,,,,,,B19,,1.007,,1.007,,,24,24,,,,,,,,,,,,,https://doi.org/10.1016/j.actamat.2009.05.034,,,100
0,13,0,0,0,0,0,0,0,0,37,0,0,0,0,50,0,0,0,Au13.0Ni37.0Ti50.0,Au13Ni37Ti50,NiTiAu,0.714843742,7.4401049,10.5,1.846744,71.25571197,9.0856,7.86,FALSE,,,,,,B19,,1,,1,,,7,7,,,,,,,,,,,,,https://doi.org/10.1016/j.actamat.2009.05.034,,,100
0,10,0,0,0,0,0,0,0,0,40,0,0,0,0,50,0,0,0,Au10.0Ni40.0Ti50.0,Au1Ni4Ti5,NiTiAu,0.710879417,7.392533,10.5,1.9096,67.1075169,8.977,8.04,FALSE,,,,,,B19,,0.994,,0.994,,,8,8,,,,,,,,,,,,,https://doi.org/10.1016/j.actamat.2009.05.034,,,100
0,0,0,10,0,0,0,0,0,0,40.5,0,0,0,0,49.5,0,0,0,Cu10.0Ni40.5Ti49.5,Cu20Ni81Ti99,NiTiCu,0.69777635,7.2466764,10.515,1.9733175,53.819592,8.64675,8.22,FALSE,,,,,,B19,,0.999,,0.999,,,,,,,,,,,,,,,,,https://doi.org/10.1007/3-540-31631-0_9,,,100
0,0,0,12.5,0,0,0,0,0,0,37.5,0,0,0,0,50,0,0,0,Cu12.5Ni37.5Ti50.0,Cu1Ni3Ti4,NiTiCu,0.698566875,7.2447825,10.5,1.96,53.886775,8.68,8.14,FALSE,,,,,,B19,,0.992,,0.992,,,11,11,48.85,30.85,41.85,59.85,45.35,,,,,,,103.68,https://doi.org/10.1016/j.actamat.2016.08.065,https://doi.org/10.2320/matertrans1989.31.1050,https://doi.org/10.2320/matertrans1989.31.959,100
0,0,0,15,0,0,0,0,0,0,35,0,0,0,0,50,0,0,0,Cu15.0Ni35.0Ti50.0,Cu3Ni7Ti10,NiTiCu,0.69874725,7.246947,10.5,1.947,54.00809,8.693,8.07,FALSE,,,,,,B19,,0.995,,0.995,,,,,,,,,,,,,,,,,https://doi.org/10.1002/adfm.200902336,,,100
0,0,0,11.9,0,0,0,0,0,0,37,0,0,0,0,51.1,0,0,0,Cu11.9Ni37.0Ti51.1,Cu119Ni370Ti511,NiTiCu,0.699865915,7.23533454,10.467,1.96077854,53.738569,8.72143,8.13,FALSE,,,,,,B19,,0.995,,0.995,,,8.6,9.85,67.8,54.6,65.7,76.4,66.125,,,,,,,,https://doi.org/10.1016/j.intermet.2016.01.009,,,100
0,0,0,7,0,0,0,0,0,0,47,0,0,0,0,46,0,0,0,Cu7.0Ni47.0Ti46.0,Cu7Ni47Ti46,NiTiCu,0.69328885,7.2724878,10.62,1.978552,54.052938,8.4894,8.34,FALSE,3.04,2.91,4.23,4.56,97.5,B19prime,0.923025669,,0.98390187,0.98390187,1.090562234,0.990412285,,,,,,,,,,,,,,,https://doi.org/10.1007/BF02658390,,,100
0,0,0,13,0,0,0,0,0,0,36,0,0,0,0,51,0,0,0,Cu13.0Ni36.0Ti51.0,Cu13Ni36Ti51,NiTiCu,0.69982325,7.2370986,10.47,1.955238,53.802774,8.7231,8.1,FALSE,,,,,,B19,,0.989,,0.989,,,12.61,12.61,,,,,,,,,,,,,https://doi.org/10.1007/s40830-016-0052-5,,,100
0,0,0,22,0,0,0,0,0,0,32,0,0,0,0,46,0,0,0,Cu22.0Ni32.0Ti46.0,Cu11Ni16Ti23,NiTiCu,0.6943711,7.2854748,10.62,1.906792,54.780828,8.5674,7.93,FALSE,3.06,2.92,4.25,4.58,97.5,B19prime,0.920309199,,0.982092752,0.982092752,1.087990947,0.983357763,,,,,,,,,,,,,,,https://doi.org/10.1007/BF02658390,,,100
0,0,0,29,0,0,0,0,0,0,27,0,0,0,0,44,0,0,0,Cu29.0Ni27.0Ti44.0,Cu29Ni27Ti44,NiTiCu,0.69243555,7.307769,10.68,1.863136,55.337038,8.5228,7.76,FALSE,3.06,2.86,4.24,4.5,97.5,B19prime,0.901925564,,0.979781945,0.979781945,1.068362327,0.944101515,,,,,,,,,,,,,,,https://doi.org/10.1007/BF02658390,,,100
0,0,0,9,0,0,0,0,0,0,41,0,0,0,0,50,0,0,0,Cu9.0Ni41.0Ti50.0,Cu9Ni41Ti50,NiTiCu,0.69831435,7.2417522,10.5,1.9782,53.716934,8.6618,8.24,FALSE,3.02,2.9,4.59,4.16,95.2,B19prime,0.942971551,,0.974027884,0.974027884,1.089913766,1.001064633,,,,,,,,,,,,,,,https://doi.org/10.1016/j.intermet.2012.07.020,,,100
0,0,0,9,0,0,0,0,0,0,41,0,0,0,0,50,0,0,0,Cu9.0Ni41.0Ti50.0,Cu9Ni41Ti50,NiTiCu,0.69831435,7.2417522,10.5,1.9782,53.716934,8.6618,8.24,FALSE,3.02,2.89,4.55,4.22,90,B19,0.956953642,,0.988076363,0.988076363,1.065342998,1.007327907,,,,,,,,,,,,,,,https://doi.org/10.1016/j.intermet.2012.07.020,,,100
0,0,0,12,0,0,0,0,0,0,34,0,0,0,0,54,0,0,0,Cu12.0Ni34.0Ti54.0,Cu6Ni17Ti27,NiTiCu,0.703412,7.2118824,10.38,1.944648,53.429456,8.8394,8.04,FALSE,,,,,,B19,,0.991,,0.991,,,21.16,21.16,,,,,,,,,,,,,https://doi.org/10.1007/s40830-016-0052-5,,,100
0,0,0,10,0,0,0,0,0,0,44.5,0,0,0,0,45.5,0,0,0,Cu10.0Ni44.5Ti45.5,Cu20Ni89Ti91,NiTiCu,0.69289515,7.2791436,10.635,1.9612775,54.252648,8.48475,8.27,FALSE,3.06,2.92,4.25,4.56,97.5,B19prime,0.919532062,,0.982092752,0.982092752,1.084155389,0.979063624,,,,,,,,,,,,,,,https://doi.org/10.1007/BF02658390,,,100
0,0,0,8,0,0,0,0,0,0,41,0,0,0,0,51,0,0,0,Cu8.0Ni41.0Ti51.0,Cu8Ni41Ti51,NiTiCu,0.6994625,7.2327696,10.47,1.981758,53.560144,8.6971,8.25,FALSE,3.04,2.9,4.16,4.62,97,B19prime,0.926020648,,0.967619806,0.967619806,1.098772668,0.984539778,,,,,,,,,,,,,,,https://doi.org/10.1016/S1359-6454(97)00479-5,,,100
0,0,0,15,0,0,0,0,0,0,35,0,0,0,0,50,0,0,0,Cu15.0Ni35.0Ti50.0,Cu3Ni7Ti10,NiTiCu,0.69874725,7.246947,10.5,1.947,54.00809,8.693,8.07,FALSE,,,,,,B19,,0.992,,0.992,,,10,9.5,53.85,36.85,45.85,63.85,50.1,,,,,,,106.98,https://doi.org/10.1016/j.actamat.2016.08.065,https://doi.org/10.2320/matertrans1989.31.1050,https://doi.org/10.2320/matertrans1989.31.959,100
0,0,0,8,0,0,0,0,0,0,43,0,0,0,0,49,0,0,0,Cu8.0Ni43.0Ti49.0,Cu8Ni43Ti49,NiTiCu,0.6970219,7.2490032,10.53,1.983422,53.776672,8.6161,8.28,FALSE,3.03,2.95,4.096,4.618,95.88,B19prime,0.950345133,,0.955877682,0.955877682,1.098255336,0.997670196,,,,,,,,,,,,,,,https://doi.org/10.1016/S1359-6454(97)00479-5,,,100
0,0,0,20,0,0,0,0,0,0,30,0,0,0,0,50,0,0,0,Cu20.0Ni30.0Ti50.0,Cu2Ni3Ti5,NiTiCu,0.699108,7.251276,10.5,1.921,54.25072,8.719,7.92,FALSE,,,,,,B19,,0.993,,0.993,,,9,7.5,55.85,40.85,46.85,64.85,52.1,,,,,,,98.63,https://doi.org/10.1016/j.actamat.2016.08.065,https://doi.org/10.2320/matertrans1989.31.1050,https://doi.org/10.2320/matertrans1989.31.959,100
0,0,0,5,0,0,0,0,0,0,45,0,0,0,0,50,0,0,0,Cu5.0Ni45.0Ti50.0,Cu1Ni9Ti10,NiTiCu,0.69802575,7.238289,10.5,1.999,53.52283,8.641,8.35,FALSE,3.027,2.903,4.147,4.613,96.22,B19prime,0.935851772,0.969,0.968738626,0.968738626,1.097790394,0.995252116,21,18.5,35.85,21.85,37.85,56.85,38.1,,,,,,,168.96,https://doi.org/10.1016/j.actamat.2016.08.065,https://doi.org/10.2320/matertrans1989.31.1050,https://doi.org/10.2320/matertrans1989.31.959,100
0,0,0,10,0,0,0,0,0,0,40,0,0,0,0,50,0,0,0,Cu10.0Ni40.0Ti50.0,Cu1Ni4Ti5,NiTiCu,0.6983865,7.242618,10.5,1.973,53.76546,8.667,8.21,FALSE,,,,,,B19,,0.993,,0.993,,,11,13,39.85,26.85,41.85,50.85,39.85,,,,,,,107.3,https://doi.org/10.1016/j.actamat.2016.08.065,https://doi.org/10.2320/matertrans1989.31.1050,https://doi.org/10.2320/matertrans1989.31.959,100
0,0,0,12,0,0,0,0,0,0,34,0,0,0,0,54,0,0,0,Cu12.0Ni34.0Ti54.0,Cu6Ni17Ti27,NiTiCu,0.703412,7.2118824,10.38,1.944648,53.429456,8.8394,8.04,FALSE,3.039,4.257,2.901,4.52,90,B19,0.954590326,0.991,0.99050792,0.99050792,1.05170209,0.994415117,,,,,,,,,,,,,,,https://doi.org/10.1126/science.1261164,,,100
0,0,0,7.5,0,0,0,0,0,0,42.5,0,0,0,0,50,0,0,0,Cu7.5Ni42.5Ti50.0,Cu3Ni17Ti20,NiTiCu,0.698206125,7.2404535,10.5,1.986,53.644145,8.654,8.28,FALSE,,,,,,B19,,0.989,,0.989,,,13,22.425,23.85,,31.85,36.85,,,,,,,,,https://doi.org/10.1016/j.actamat.2016.08.065,https://doi.org/10.2320/matertrans1989.31.1050,https://doi.org/10.2320/matertrans1989.31.959,100
0,0,0,10,0,0,0,0,0,0,40.5,0,0,0,0,49.5,0,0,0,Cu10.0Ni40.5Ti49.5,Cu20Ni81Ti99,NiTiCu,0.69777635,7.2466764,10.515,1.9733175,53.819592,8.64675,8.22,FALSE,3.03,2.881,4.279,4.514,90,B19,0.950825083,0.999,0.998584131,0.998584131,1.053425746,1.000205454,,,,,,,,,,,,,,,https://doi.org/10.2355/isijinternational.29.405,,,100
0,0,0,13,0,0,0,0,0,0,36,0,0,0,0,51,0,0,0,Cu13.0Ni36.0Ti51.0,Cu13Ni36Ti51,NiTiCu,0.69982325,7.2370986,10.47,1.955238,53.802774,8.7231,8.1,FALSE,3.036,4.247,2.895,4.528,90,B19,0.953557312,0.989,0.989157609,0.989157609,1.05460458,0.994722519,,,,,,,,,,,,,,,https://doi.org/10.1126/science.1261164,,,100
0,0,0,10,0,0,0,0,0,0,40,0,0,0,0,50,0,0,0,Cu10.0Ni40.0Ti50.0,Cu1Ni4Ti5,NiTiCu,0.6983865,7.242618,10.5,1.973,53.76546,8.667,8.21,FALSE,3.031,2.872,4.192,4.577,95.204,B19prime,0.931130354,0.978,0.977958306,0.977958306,1.082116854,0.985382819,8,10.5,18.85,-94.15,-81.15,26.85,-32.4,,,,,,,,https://doi.org/10.1016/j.actamat.2016.08.065,https://doi.org/10.2320/matertrans1989.31.1050,https://doi.org/10.2320/matertrans1989.31.959,100
0,0,0,7.5,0,0,0,0,0,0,42.5,0,0,0,0,50,0,0,0,Cu7.5Ni42.5Ti50.0,Cu3Ni17Ti20,NiTiCu,0.698206125,7.2404535,10.5,1.986,53.644145,8.654,8.28,FALSE,3.03,2.907,4.17,4.596,95.487,B19prime,0.94026703,0.973,0.973146956,0.973146956,1.089379112,0.996801494,8,12,16.85,-53.15,-37.15,24.85,-12.15,,,,,,,,https://doi.org/10.1016/j.actamat.2016.08.065,https://doi.org/10.2320/matertrans1989.31.1050,https://doi.org/10.2320/matertrans1989.31.959,100
0,0,0,12,0,0,0,0,0,0,34,0,0,0,0,54,0,0,0,Cu12.0Ni34.0Ti54.0,Cu6Ni17Ti27,NiTiCu,0.703412,7.2118824,10.38,1.944648,53.429456,8.8394,8.04,FALSE,3.026,2.895,4.258,4.477,90,B19,0.956708526,0.995,0.994996918,0.994996918,1.046172194,0.995874364,9.4,9.4,,,,,,,,,,,,,https://doi.org/10.1016/j.jallcom.2018.12.219,,,100
0,0,0,8,0,0,0,0,0,0,42,0,0,0,0,50,0,0,0,Cu8.0Ni42.0Ti50.0,Cu4Ni21Ti25,NiTiCu,0.6982422,7.2408864,10.5,1.9834,53.668408,8.6566,8.27,FALSE,3.03,2.9,4.13,4.62,96.85,B19prime,0.930101781,,0.963812213,0.963812213,1.101534352,0.987463262,,,,,,,,,,,,,,,https://doi.org/10.1016/S1359-6454(97)00479-5,,,100
1,0,0,5,0,0,0,0,0,0,44,0,0,0,0,50,0,0,0,Al1.0Cu5.0Ni44.0Ti50.0,Al1Cu5Ni44Ti50,NiTiCuAl,0.69664739,7.22174868,10.5,1.991398,53.20571139,8.6751,8.31,FALSE,,,,,,B19prime,,0.987,,0.987,,,,,,,,,,,,,,,,,https://doi.org/10.1016/j.actamat.2019.07.033,,,100
1,0,0,5,0,0,0,0,0,0,44,0,0,0,0,50,0,0,0,Al1.0Cu5.0Ni44.0Ti50.0,Al1Cu5Ni44Ti50,NiTiCuAl,0.69664739,7.22174868,10.5,1.991398,53.20571139,8.6751,8.31,FALSE,,,,,,B19prime,,0.964,,0.964,,,,,,,,,,,,,,,,,https://doi.org/10.1016/j.actamat.2019.07.033,,,100
1,0,0,5,0,0,0,0,0,0,44,0,0,0,0,50,0,0,0,Al1.0Cu5.0Ni44.0Ti50.0,Al1Cu5Ni44Ti50,NiTiCuAl,0.69664739,7.22174868,10.5,1.991398,53.20571139,8.6751,8.31,FALSE,,,,,,B19prime,,0.98,,0.98,,,,,,,,,,,,,,,,,https://doi.org/10.1016/j.actamat.2019.07.033,,,100
1,0,0,5,0,0,0,0,0,0,44,0,0,0,0,50,0,0,0,Al1.0Cu5.0Ni44.0Ti50.0,Al1Cu5Ni44Ti50,NiTiCuAl,0.69664739,7.22174868,10.5,1.991398,53.20571139,8.6751,8.31,FALSE,,,,,,B19prime,,0.975,,0.975,,,,,,,,,,,,,,,,,https://doi.org/10.1016/j.actamat.2019.07.033,,,100
1,0,0,5,0,0,0,0,0,0,44,0,0,0,0,50,0,0,0,Al1.0Cu5.0Ni44.0Ti50.0,Al1Cu5Ni44Ti50,NiTiCuAl,0.69664739,7.22174868,10.5,1.991398,53.20571139,8.6751,8.31,FALSE,,,,,,B19prime,,0.97,,0.97,,,,,,,,,,,,,,,,,https://doi.org/10.1016/j.actamat.2019.07.033,,,100
1,0,0,5,0,0,0,0,0,0,44,0,0,0,0,50,0,0,0,Al1.0Cu5.0Ni44.0Ti50.0,Al1Cu5Ni44Ti50,NiTiCuAl,0.69664739,7.22174868,10.5,1.991398,53.20571139,8.6751,8.31,FALSE,,,,,,B19prime,,0.969,,0.969,,,,,,,,,,,,,,,,,https://doi.org/10.1016/j.actamat.2019.07.033,,,100
1,0,0,5,0,0,0,0,0,0,44,0,0,0,0,50,0,0,0,Al1.0Cu5.0Ni44.0Ti50.0,Al1Cu5Ni44Ti50,NiTiCuAl,0.69664739,7.22174868,10.5,1.991398,53.20571139,8.6751,8.31,FALSE,,,,,,B19prime,,0.965,,0.965,,,,,,,,,,,,,,,,,https://doi.org/10.1016/j.actamat.2019.07.033,,,100
1,0,0,5,0,0,0,0,0,0,44,0,0,0,0,50,0,0,0,Al1.0Cu5.0Ni44.0Ti50.0,Al1Cu5Ni44Ti50,NiTiCuAl,0.69664739,7.22174868,10.5,1.991398,53.20571139,8.6751,8.31,FALSE,,,,,,B19prime,,0.983,,0.983,,,,,,,,,,,,,,,,,https://doi.org/10.1016/j.actamat.2019.07.033,,,100
1,0,0,5,0,0,0,0,0,0,44,0,0,0,0,50,0,0,0,Al1.0Cu5.0Ni44.0Ti50.0,Al1Cu5Ni44Ti50,NiTiCuAl,0.69664739,7.22174868,10.5,1.991398,53.20571139,8.6751,8.31,FALSE,,,,,,B19prime,,0.975,,0.975,,,,,,,,,,,,,,,,,https://doi.org/10.1016/j.actamat.2019.07.033,,,100
1,0,0,5,0,0,0,0,0,0,44,0,0,0,0,50,0,0,0,Al1.0Cu5.0Ni44.0Ti50.0,Al1Cu5Ni44Ti50,NiTiCuAl,0.69664739,7.22174868,10.5,1.991398,53.20571139,8.6751,8.31,FALSE,,,,,,B19prime,,0.964,,0.964,,,,,,,,,,,,,,,,,https://doi.org/10.1016/j.actamat.2019.07.033,,,100
0,0,2,12.3,0,0,0,0,0,0,31.7,0,0,0,0,54,0,0,0,Co2.0Cu12.3Ni31.7Ti54.0,Co20Cu123Ni317Ti540,NiTiCuCo,0.703835662,7.21696634,10.38,1.9412352,53.4488097,8.84256,8.01,FALSE,3.046,4.322,2.918,4.527,90,B19,0.957977676,1.003,1.003320915,1.003320915,1.050910177,1.010091815,,,,,,,,,,,,,,,https://doi.org/10.1016/j.scriptamat.2021.113899,,,100
0,0,2.5,22.5,0,0,0,0,0,0,22.2,0,0,0,0,52.8,0,0,0,Co2.5Cu22.5Ni22.2Ti52.8,Co25Cu225Ni222Ti528,NiTiCuCo,0.703207736,7.23674371,10.416,1.8929856,54.07489068,8.8474,7.73,FALSE,3.042,2.926,4.277,4.497,90,B19,0.961867193,0.994,0.994180047,0.994180047,1.045318605,0.999605955,13.7,13.25,-10.9,-16.7,-3.9,2.8,-7.175,8.5,8.6,8.55,,51.95,52.56,52.255,https://doi.org/10.1063/5.0006301,,,100
0,0,2,12.3,0,0,0,0,0,0,31.7,0,0,0,0,54,0,0,0,Co2.0Cu12.3Ni31.7Ti54.0,Co20Cu123Ni317Ti540,NiTiCuCo,0.703835662,7.21696634,10.38,1.9412352,53.4488097,8.84256,8.01,FALSE,3.055,4.317,2.921,4.531,90,B19,0.95613748,0.999,0.999207848,0.999207848,1.048740041,1.001945337,,,,,,,,,,,,,,,https://doi.org/10.1016/j.scriptamat.2021.113899,,,100
0,0,2,12.3,0,0,0,0,0,0,31.7,0,0,0,0,54,0,0,0,Co2.0Cu12.3Ni31.7Ti54.0,Co20Cu123Ni317Ti540,NiTiCuCo,0.703835662,7.21696634,10.38,1.9412352,53.4488097,8.84256,8.01,FALSE,3.064,4.336,2.969,4.567,90,B19,0.968994778,1.001,1.000657638,1.000657638,1.053967581,1.021960721,,,,,,,,,,,,,,,https://doi.org/10.1016/j.scriptamat.2021.113899,,,100
0,0,2,12.3,0,0,0,0,0,0,33.7,0,0,0,0,52,0,0,0,Co2.0Cu12.3Ni33.7Ti52.0,Co20Cu123Ni337Ti520,NiTiCuCo,0.701395062,7.23319994,10.44,1.9535776,53.6653377,8.76156,8.08,FALSE,3.03,4.279,2.881,4.514,90,B19,0.950825083,,0.998584131,0.998584131,1.053425746,1.000205454,,,,,,,,,,,,,,,https://doi.org/10.1016/j.scriptamat.2021.113899,,,100
0,0,2.3,12.3,0,0,0,0,0,0,30.7,0,0,0,0,54.7,0,0,0,Co2.3Cu12.3Ni30.7Ti54.7,Co23Cu123Ni307Ti547,NiTiCuCo,0.704750174,7.21200821,10.359,1.9351219,53.37374429,8.87115,7.99,FALSE,3.036,4.299,2.947,4.498,90,B19,0.970685112,1.001,1.001268792,1.001268792,1.047617359,1.018196816,,,,,,,,,,,,,,,https://doi.org/10.1016/j.mattod.2017.10.002,,,100
0,0,2,12.3,0,0,0,0,0,0,31.7,0,0,0,0,54,0,0,0,Co2.0Cu12.3Ni31.7Ti54.0,Co20Cu123Ni317Ti540,NiTiCuCo,0.703835662,7.21696634,10.38,1.9412352,53.4488097,8.84256,8.01,FALSE,3.035,4.327,2.923,4.527,90,B19,0.963097199,1.008,1.008122254,1.008122254,1.054719077,1.024047551,,,,,,,,,,,,,,,https://doi.org/10.1016/j.scriptamat.2021.113899,,,100
0,0,0,16.66,16.66,0,0,0,0,0,16.66,16.66,0,0,0,16.66,0,16.66,0,Cu16.66Hf16.66Ni16.66Pd16.66Ti16.66Zr16.66,Cu1Hf1Ni1Pd1Ti1Zr1,NiTiCuHfPdZr,0.64258625,7.331695,11.5,2.64,91.04006667,10.06,9.85,FALSE,3.24,3.2,4.19,5.11,103.7,B19prime,0.903471672,,0.914437473,0.914437473,1.184448229,0.978553643,42.5,36.75,59.45,30.65,61.65,101.95,63.425,8.2,9.4,8.8,,75.41,86.44,80.925,https://doi.org/10.1016/j.intermet.2020.106792,,,99.96
0,0,0,5,0,0,0,0.3,0,0,44.7,0,0,0,0,50,0,0,0,Cu5.0Mo0.3Ni44.7Ti50.0,Cu50Mo3Ni447Ti500,NiTiCuMo,0.698243529,7.23664689,10.494,1.99501378,53.6345698,8.64937,8.34,FALSE,3.005,2.899,4.192,4.508,90,B19,0.964725458,,0.986419843,0.986419843,1.060777827,1.009461993,18,20.5,-7,-25,-2,11,-5.75,,,,,,,,https://doi.org/10.1023/A:1010958924350,,,100
0,0,0,10.8,0,0,0,0,10,0,30.6,0,0,0,0,48.6,0,0,0,Cu10.8Nb10.0Ni30.6Ti48.6,Cu54Nb50Ni153Ti243,NiTiCuNb,0.7006593,7.16657916,10.342,1.91500488,57.3771484,9.03846,7.83,FALSE,3.04,2.991,4.277,4.482,90,B19,0.983881579,0.995,0.994834113,0.994834113,1.0425173,1.020414847,10.9,10.9,,,,,,,,,,,,,https://doi.org/10.1016/j.jallcom.2018.12.219,,,100
0,0,0,11.28,0,0,0,0,6,0,31.96,0,0,0,0,50.76,0,0,0,Cu11.28Nb6.0Ni31.96Ti50.76,Cu3140337013Nb1670392028Ni8897621538Ti14131516560,NiTiCuNb,0.70176038,7.184700456,10.3572,1.931257373,55.79807144,8.958836,7.92,FALSE,3.036,2.89,4.264,4.497,90,B19,0.951910408,0.993,0.993117034,0.993117034,1.047384452,0.990153733,11.5,11.5,,,,,,,,,,,,,https://doi.org/10.1016/j.jallcom.2018.12.219,,,100
0,0,0,10.5,0,0,0,0,2,0,38,0,0,0,0,49.5,0,0,0,Cu10.5Nb2.0Ni38.0Ti49.5,Cu21Nb4Ni76Ti99,NiTiCuNb,0.698597125,7.2294903,10.475,1.9706255,54.5281146,8.73415,8.15,FALSE,,,,,,B19,,0.99,,0.99,,,13.9,16.09,-26.7,-44.98,-26.7,-12.8,-27.795,,,,,,,,https://doi.org/10.1016/j.intermet.2016.01.009,,,100
0,0,0,12,0,0,0,0,0,0,35,0,3,0,0,50,0,0,0,Cu12.0Ni35.0Pt3.0Ti50.0,Cu12Ni35Pt3Ti50,NiTiCuPt,0.7018283,7.2839196,10.5,1.907856,57.95423,8.7524,7.98,FALSE,3.036,2.947,4.267,4.543,90,B19,0.970685112,,0.993815756,0.993815756,1.058098191,1.020728446,11.3,9.75,56.6,48.4,56.6,67.9,57.375,,,,,,,,https://doi.org/10.1016/j.jallcom.2019.06.217,,,100
0,0,0,12.5,0,0,0,0,0,0,35,0,2.5,0,0,50,0,0,0,Cu12.5Ni35.0Pt2.5Ti50.0,Cu5Ni14Pt1Ti20,NiTiCuPt,0.701314792,7.2777575,10.5,1.914875,57.29654,8.7425,8,FALSE,3.036,2.95,4.261,4.536,90,B19,0.971673254,,0.992418312,0.992418312,1.056467839,1.018758625,7.8,9.85,56.4,44.5,56.4,64.2,55.375,,,,,,,,https://doi.org/10.1016/j.jallcom.2019.06.217,,,100
0,0,0,13.5,0,0,0,0,0,0,35,0,1.5,0,0,50,0,0,0,Cu13.5Ni35.0Pt1.5Ti50.0,Cu27Ni70Pt3Ti100,NiTiCuPt,0.700287775,7.2654333,10.5,1.928319,55.98116,8.7227,8.03,FALSE,3.036,2.979,4.269,4.528,90,B19,0.981225296,,0.994281571,0.994281571,1.05460458,1.028887234,9.6,9.05,54.6,45.3,53.8,64.2,54.475,,,,,,,,https://doi.org/10.1016/j.jallcom.2019.06.217,,,100
0,0,0,14,0,0,0,0,0,0,35,0,1,0,0,50,0,0,0,Cu14.0Ni35.0Pt1.0Ti50.0,Cu14Ni35Pt1Ti50,NiTiCuPt,0.699774267,7.2592712,10.5,1.934744,55.32347,8.7128,8.04,FALSE,3.036,2.965,4.253,4.526,90,B19,0.976613966,,0.990555053,0.990555053,1.054138765,1.019763193,8.9,9.45,65.4,57.2,67.2,74.3,66.025,,,,,,,,https://doi.org/10.1016/j.jallcom.2019.06.217,,,100
0,0,0,3,0,0,0,0,0,0,47,0,0,0,0,35,0,15,0,Cu3.0Ni47.0Ti35.0Zr15.0,Cu3Ni47Ti35Zr15,NiTiCuZr,0.6670032,7.2074244,10.95,2.5164,59.929328,9.1376,10.17,FALSE,3.097,3.062,4.123,4.862,101.1,B19prime,0.926381548,0.941,0.941363015,0.941363015,1.162602863,1.013860997,58.8,64.3,97.75,59.95,129.75,156.55,111,19.23,18.09,18.66,,126.12,118.64,122.38,https://doi.org/10.1016/j.intermet.2019.01.005,,,100
0,0,0,15,0,0,0,0,0,0,35,0,0,0,0,35,0,15,0,Cu15.0Ni35.0Ti35.0Zr15.0,Cu3Ni7Ti7Zr3,NiTiCuZr,0.667869,7.217814,10.95,2.454,60.51164,9.2,9.84,FALSE,3.11,3.084,4.148,4.801,97.09,B19prime,0.943112196,0.956,0.958163173,0.958163173,1.12108161,1.013071421,57,61.1,-84.05,-129.85,-64.65,-27.05,-53.925,5.17,6.64,5.905,,34,43.67,38.835,https://doi.org/10.1016/j.intermet.2019.01.005,,,100
0,0,0,10,0,0,0,0,0,0,40,0,0,0,0,35,0,15,0,Cu10.0Ni40.0Ti35.0Zr15.0,Cu2Ni8Ti7Zr3,NiTiCuZr,0.66750825,7.213485,10.95,2.48,60.26901,9.174,9.98,FALSE,3.105,3.075,4.138,4.801,98.79,B19prime,0.942353578,0.944,0.943857103,0.943857103,1.133708547,1.0083738,52.4,52.5,-6.15,-27.35,25.25,46.25,9.5,10.02,10.58,10.3,,65.83,69.5,67.665,https://doi.org/10.1016/j.intermet.2019.01.005,,,100
0,0,0,5,0,0,0,0,0,0,45,0,0,0,0,35,0,15,0,Cu5.0Ni45.0Ti35.0Zr15.0,Cu1Ni9Ti7Zr3,NiTiCuZr,0.6671475,7.209156,10.95,2.506,60.02638,9.148,10.12,FALSE,3.099,3.066,4.128,4.844,100.55,B19prime,0.930630615,0.942,0.941896351,0.941896351,1.155145016,1.01255112,55,50.8,78.85,59.95,106.55,133.85,94.8,15.59,15.08,15.335,,102.3,98.95,100.625,https://doi.org/10.1016/j.intermet.2019.01.005,,,100
0,0,0,0,20,0,0,0,0,0,50.3,0,0,0,0,29.7,0,0,0,Hf20.0Ni50.3Ti29.7,Hf200Ni503Ti297,NiTiHf,0.659314077,7.23578504,11.109,2.5882871,79.4372792,9.16285,10.53,FALSE,3.107,3.051,4.088,4.871,103.016,B19prime,0.904431153,0.93,0.930367725,0.930367725,1.172690037,0.9867642,63,63,,,,,,,,,,,,,https://doi.org/10.1016/j.actamat.2016.08.065,,,100
0,0,0,0,20,0,0,0,0,0,50.3,0,0,0,0,29.7,0,0,0,Hf20.0Ni50.3Ti29.7,Hf200Ni503Ti297,NiTiHf,0.659314077,7.23578504,11.109,2.5882871,79.4372792,9.16285,10.53,FALSE,3.09,3.037,4.08,4.85,103.7,B19prime,0.899089541,,0.933655556,0.933655556,1.178735575,0.989477726,28.5,28.5,144,128,162,167,150.25,,,,,,,,https://doi.org/10.1016/j.actamat.2014.04.071,,,100
0,0,0,0,20,0,0,0,0,0,50.3,0,0,0,0,29.7,0,0,0,Hf20.0Ni50.3Ti29.7,Hf200Ni503Ti297,NiTiHf,0.659314077,7.23578504,11.109,2.5882871,79.4372792,9.16285,10.53,FALSE,3.098,3.058,4.093,4.889,104.12,B19prime,0.899370982,0.934,0.934211767,0.934211767,1.187728408,0.997932918,31.4,31.4,,,,,,,,,,,,,https://doi.org/10.1016/j.scriptamat.2023.115391,,,100
0,0,0,0,20,0,0,0,0,0,50.3,0,0,0,0,29.7,0,0,0,Hf20.0Ni50.3Ti29.7,Hf200Ni503Ti297,NiTiHf,0.659314077,7.23578504,11.109,2.5882871,79.4372792,9.16285,10.53,FALSE,3.112,3.045,4.072,4.864,103.21,B19prime,0.899583856,0.925,0.925237408,0.925237408,1.170303232,0.974076892,40,40,,,,,,,,,,,,,https://doi.org/10.1016/j.scriptamat.2023.115391,,,100
0,0,0,0,20,0,0,0,0,0,50.3,0,0,0,0,29.7,0,0,0,Hf20.0Ni50.3Ti29.7,Hf200Ni503Ti297,NiTiHf,0.659314077,7.23578504,11.109,2.5882871,79.4372792,9.16285,10.53,FALSE,3.09,3.05,4.08,4.87,103.3,B19prime,0.906559345,,0.933655556,0.933655556,1.180846038,0.999484818,36,37,87,71,109,123,97.5,,,,,,,,https://doi.org/10.1016/j.actamat.2014.04.071,,,100
0,0,0,0,15,0,0,0,0,0,48.5,0,0,0,0,36.5,0,0,0,Hf15.0Ni48.5Ti36.5,Hf30Ni97Ti73,NiTiHf,0.671006825,7.2213273,10.905,2.4305775,72.711254,9.09575,10.03,FALSE,3.09,2.93,4.11,4.73,100.4,B19prime,0.897431571,,0.94052067,0.94052067,1.124867538,0.949447756,53,67.5,200,145,227,253,206.25,,,,,,,,https://doi.org/10.1016/S0167-577X(96)00165-6,https://doi.org/10.1016/1359-6454(96)00034-1,,100
0,0,0,0,15,0,0,0,0,0,50,0,0,0,0,35,0,0,0,Hf15.0Ni50.0Ti35.0,Hf3Ni10Ti7,NiTiHf,0.669176375,7.2335025,10.95,2.445,72.87365,9.035,10.09,FALSE,3.081,3.032,4.841,4.083,102.4,B19prime,0.911918795,,0.937071401,0.937071401,1.171004541,1.000662051,45,53,212,188,249,257,226.5,,,,,,,,https://doi.org/10.1016/j.intermet.2013.11.009,,,100
0,0,0,0,20,0,0,0,0,0,50.3,0,0,0,0,29.7,0,0,0,Hf20.0Ni50.3Ti29.7,Hf200Ni503Ti297,NiTiHf,0.659314077,7.23578504,11.109,2.5882871,79.4372792,9.16285,10.53,FALSE,3.092,3.062,4.091,4.872,103.3,B19prime,0.908677885,,0.935567219,0.935567219,1.181683608,1.00458379,27,27,,,,,,,,,,,,,https://doi.org/10.1016/j.actamat.2013.08.048,,,100
0,0,0,0,20,0,0,0,0,0,50.3,0,0,0,0,29.7,0,0,0,Hf20.0Ni50.3Ti29.7,Hf200Ni503Ti297,NiTiHf,0.659314077,7.23578504,11.109,2.5882871,79.4372792,9.16285,10.53,FALSE,3.1,3.052,4.089,4.887,103.072,B19prime,0.906963193,0.933,0.932696654,0.932696654,1.178681305,0.9970719,34,34,,,,,,,,,,,,,https://doi.org/10.1016/j.actamat.2016.08.065,,,100
0,0,0,0,20,0,0,0,0,0,49.8,0,0,0,0,30.2,0,0,0,Hf20.0Ni49.8Ti30.2,Hf100Ni249Ti151,NiTiHf,0.659924227,7.23172664,11.094,2.5827276,79.3831472,9.1831,10.51,FALSE,3.098,3.102,4.044,4.906,104.81,B19prime,0.902941894,,0.923027703,0.923027703,1.200490764,1.000537481,102,87.5,174,127,200,276,194.25,,,,,,,,https://doi.org/10.1016/S0167-577X(97)00037-2,,,100
0,0,0,0,15,0,0,0,0,0,49.8,0,0,0,0,35.2,0,0,0,Hf15.0Ni49.8Ti35.2,Hf75Ni249Ti176,NiTiHf,0.669420435,7.23187914,10.944,2.4432876,72.8519972,9.0431,10.08,FALSE,3.075,3.029,4.081,4.805,102.25,B19prime,0.912610212,,0.938439927,0.938439927,1.165465403,0.998139372,74,59.5,136,95,140,210,145.25,,,,,,,,https://doi.org/10.1016/S0167-577X(97)00037-2,,,100
0,0,0,0,9.5,0,0,0,0,0,49.8,0,0,0,0,40.7,0,0,0,Hf9.5Ni49.8Ti40.7,Hf95Ni498Ti407,NiTiHf,0.679866264,7.23204689,10.779,2.2899036,65.6677322,8.8891,9.56,FALSE,3.053,2.99,4.086,4.739,100.47,B19prime,0.922613455,,0.946360402,0.946360402,1.14571794,1.000354793,69,63,90,61,118,159,107,,,,,,,,https://doi.org/10.1016/S0167-577X(97)00037-2,,,100
0,0,0,0,20,0,0,0,0,0,50.3,0,0,0,0,29.7,0,0,0,Hf20.0Ni50.3Ti29.7,Hf200Ni503Ti297,NiTiHf,0.659314077,7.23578504,11.109,2.5882871,79.4372792,9.16285,10.53,FALSE,3.086,3.041,4.136,4.886,104.35,B19prime,0.896938164,,0.947697228,0.947697228,1.191611224,1.012900299,31,25.5,118,109,129,149,126.25,,,,,,,,https://doi.org/10.1007/s11661-012-1297-z,,,100
0,0,0,0,20,0,0,0,0,0,50.3,0,0,0,0,29.7,0,0,0,Hf20.0Ni50.3Ti29.7,Hf200Ni503Ti297,NiTiHf,0.659314077,7.23578504,11.109,2.5882871,79.4372792,9.16285,10.53,FALSE,3.095,3.047,4.099,4.854,103.244,B19prime,0.904155499,0.937,0.936488109,0.936488109,1.175399734,0.995247242,28,28,,,,,,,,,,,,,https://doi.org/10.1016/j.actamat.2016.08.065,,,100
0,0,0,0,24.1,0,0,0,0,0,50.3,0,0,0,0,25.6,0,0,0,Hf24.1Ni50.3Ti25.6,Hf241Ni503Ti256,NiTiHf,0.651527186,7.23565999,11.232,2.7037759,84.7928222,9.27765,10.86,FALSE,,,,,,B19prime,,0.936,,0.936,,,34.7,34.7,,,,,,,,,,,,,https://doi.org/10.1007/s40830-016-0052-5,,,100
0,0,0,0,12.5,0,0,0,0,0,51,0,0,0,0,36.5,0,0,0,Hf12.5Ni51.0Ti36.5,Hf25Ni102Ti73,NiTiHf,0.672704179,7.24169555,10.905,2.38119,69.716339,8.9245,9.89,FALSE,3.075,2.97,4.06,4.77,98.9,B19prime,0.924975258,,0.933610905,0.933610905,1.1315631,0.977180537,35,35,,,,,,,,,,,,,https://doi.org/10.1007/s40830-015-0033-0,https://doi.org/10.1080/14786435.2014.913109,,100
0,0,0,0,15,0,0,0,0,0,50,0,0,0,0,35,0,0,0,Hf15.0Ni50.0Ti35.0,Hf3Ni10Ti7,NiTiHf,0.669176375,7.2335025,10.95,2.445,72.87365,9.035,10.09,FALSE,,,,,,B19prime,,0.94,,0.94,,,58.6,58.6,,,,,,,,,,,,,https://doi.org/10.1016/j.jallcom.2021.163322,,,100
0,0,0,0,15,0,0,0,0,0,49,0,0,0,0,36,0,0,0,Hf15.0Ni49.0Ti36.0,Hf15Ni49Ti36,NiTiHf,0.670396675,7.2253857,10.92,2.43579,72.765386,9.0755,10.05,FALSE,3.09,2.93,4.11,4.73,100.4,B19prime,0.897431571,,0.94052067,0.94052067,1.124867538,0.949447756,,,,,,,,,,,,,,,https://doi.org/10.1007/s11665-014-1006-8,,,100
0,0,0,0,20,0,0,0,0,0,50.6,0,0,0,0,29.4,0,0,0,Hf20.0Ni50.6Ti29.4,Hf100Ni253Ti147,NiTiHf,0.658947987,7.23822008,11.118,2.5914284,79.4697584,9.1507,10.55,FALSE,3.125,2.511,4.083,4.827,101.05,B19prime,0.77335649,,0.923877436,0.923877436,1.113786557,0.795785583,63,63,,,,,,,,,,,,,https://doi.org/10.1016/j.scriptamat.2006.01.017,,,100
0,0,0,0,1,0,0,0,0,0,54,0,0,0,0,45,0,0,0,Hf1.0Ni54.0Ti45.0,Hf1Ni54Ti45,NiTiHf,0.690884558,7.2663967,10.65,2.04228,55.019486,8.481,8.65,FALSE,3.007,2.82,4.08,4.53,97,B19prime,0.911446659,,0.95942656,0.95942656,1.087889809,0.951322795,,,,,,,,,,,,,,,https://doi.org/10.1002/adem.201800046,,,100
0,0,0,0,20,0,0,0,0,0,50.3,0,0,0,0,29.7,0,0,0,Hf20.0Ni50.3Ti29.7,Hf200Ni503Ti297,NiTiHf,0.659314077,7.23578504,11.109,2.5882871,79.4372792,9.16285,10.53,FALSE,3.078,3.053,4.065,4.871,103.1,B19prime,0.912628038,,0.933849599,0.933849599,1.18453293,1.009526869,40.8,40.15,155.5,120.3,159.8,196.3,157.975,,,,,,,,https://doi.org/10.1016/j.scriptamat.2019.11.004,,,100
0,0,0,0,22.1,0,0,0,0,0,53.94,0,0,0,0,23.96,0,0,0,Hf22.1Ni53.94Ti23.96,Hf8279887907Ni20208920981Ti8976747251,NiTiHf,0.650883777,7.265266142,11.2812,2.679987324,82.57444316,9.07423,10.86,FALSE,3.094,3.04,4.1,4.88,104.41,B19prime,0.89355296,,0.937019329,0.937019329,1.18777707,0.994497703,35,38,178,163,204,213,189.5,4.9,4.8,4.85,,42.48,41.61,42.045,https://doi.org/10.1016/j.jallcom.2014.06.109,,,100
0,0,0,0,20,0,0,0,0,0,50.3,0,0,0,0,29.7,0,0,0,Hf20.0Ni50.3Ti29.7,Hf200Ni503Ti297,NiTiHf,0.659314077,7.23578504,11.109,2.5882871,79.4372792,9.16285,10.53,FALSE,3.089,3.05,4.08,4.87,103.15,B19prime,0.908217364,,0.933957807,0.933957807,1.180179474,1.001071541,30,28.5,142,125,152,172,147.75,6.8,6.7,6.75,,58.95,58.08,58.515,https://doi.org/10.1016/j.jallcom.2014.06.109,,,100
0,0,0,0,17.7,0,0,0,0,0,50,0,0,0,0,32.3,0,0,0,Hf17.7Ni50.0Ti32.3,Hf177Ni500Ti323,NiTiHf,0.664048423,7.23342015,11.031,2.5206,76.400471,9.1106,10.33,FALSE,3.1,3.063,4.075,4.888,103,B19prime,0.910078136,,0.929503269,0.929503269,1.179465008,0.997733749,,,,,,,,,,,,,,,https://doi.org/10.2320/matertrans.44.1219,,,100
0,0,0,0,18,0,0,0,0,0,50,0,0,0,0,32,0,0,0,Hf18.0Ni50.0Ti32.0,Hf9Ni25Ti16,NiTiHf,0.66347865,7.233411,11.04,2.529,76.79234,9.119,10.35,FALSE,3.07,3.04,4.06,4.83,102.8,B19prime,0.912824086,,0.935131444,0.935131444,1.176828052,1.004552788,55,55,226.85,201.85,256.85,281.85,241.85,,,,,,,,https://doi.org/10.2320/matertrans.45.1811,,,100
0,0,0,0,21.38,0,0,0,0,0,53.49,0,0,0,0,25.13,0,0,0,Hf21.38Ni53.49Ti25.13,Hf14415251400Ni36065098101Ti16943651435,NiTiHf,0.652800366,7.261635542,11.2461,2.655559191,81.58523876,9.072295,10.78,FALSE,3.1,3.01,4.09,4.91,104.76,B19prime,0.883578608,,0.932924753,0.932924753,1.190122187,0.981032423,40,42.5,177,161,206,217,190.25,14.2,14.3,14.25,,123.11,123.97,123.54,https://doi.org/10.1016/j.jallcom.2014.06.109,,,100
0,0,0,0,20,0,0,0,0,0,50.3,0,0,0,0,29.7,0,0,0,Hf20.0Ni50.3Ti29.7,Hf200Ni503Ti297,NiTiHf,0.659314077,7.23578504,11.109,2.5882871,79.4372792,9.16285,10.53,FALSE,3.095,3.051,4.104,4.858,103.123,B19prime,0.906324685,0.938,0.937630446,0.937630446,1.175674881,0.999085714,27,27,,,,,,,,,,,,,https://doi.org/10.1016/j.actamat.2016.08.065,,,100
0,0,0,0,14.17,0,0,0,0,0,49.61,0,0,0,0,36.22,0,0,0,Hf14.17Ni49.61Ti36.22,Hf1417Ni4961Ti3622,NiTiHf,0.671228663,7.230362263,10.9134,2.418542071,71.747256,9.027555,10,FALSE,3.1146,3.0085,4.0817,4.7856,102.02,B19prime,0.89755,,0.926667,0.926667,1.143616,0.951179697,,,,,,,,,,,,,,,https://doi.org/10.1016/j.intermet.2023.108091,,,100
0,0,0,0,19.04,0,0,0,0,0,50.63,0,0,0,0,30.33,0,0,0,Hf19.04Ni50.63Ti30.33   ,Hf17784013342Ni47290157326Ti28329260749,NiTiHf,0.66073465,7.238492864,11.0901,2.564515823,78.219026,9.122605,10.47,FALSE,3.1077,3.0649,4.0988,4.8896,102.94,B19prime,0.908859,,0.932616,0.932616,1.1766,0.997305509,,,,,,,,,,,,,,,https://doi.org/10.1016/j.intermet.2023.108091,,,100
0,0,0,17,14,0,0,0,0,0,32.5,0,0,0,0,36.5,0,0,0,Cu17.0Hf14.0Ni32.5Ti36.5,Cu34Hf28Ni65Ti73,NiTiHfCu,0.672912317,7.2441932,10.905,2.3235935,72.33823,9.11565,9.51,TRUE,3.09337,3.11209,4.06927,4.9246,103.012,B19prime_pw,0.924428,,0.930186,0.930186,1.193642,1.0264008,24.01,23.06,12.98,3.43,25.54,36.99,19.735,12.207,12.762,12.4845,,96.86997346,101.2742362,99.07210483,https://doi.org/10.1016/j.matdes.2024.113096,,,100
0,0,0,17,18,0,0,0,0,0,32.5,0,0,0,0,32.5,0,0,0,Cu17.0Hf18.0Ni32.5Ti32.5,Cu34Hf36Ni65Ti65,NiTiHfCu,0.66531535,7.2440712,11.025,2.4344735,77.56315,9.22765,9.86,TRUE,3.12442,3.11248,4.09421,4.92583,103.464,B19prime_pw,0.911199,,0.926586,0.926586,1.185266,1.000725105,34.09,32.63,42.96,26.62,57.79,77.05,51.105,15.122,15.556,15.339,,127.108197,130.7561905,128.9321938,https://doi.org/10.1016/j.matdes.2024.113096,,,100
0,0,0,7,25,0,0,0,0,0,42.7,0,0,0,0,25.3,0,0,0,Cu7.0Hf25.0Ni42.7Ti25.3,Cu70Hf250Ni427Ti253,NiTiHfCu,0.651055098,7.23682306,11.241,2.6841087,86.243153,9.36355,10.7,TRUE,3.11912,3.08471,4.12251,4.85641,101.285,B19prime_pw,0.923033,,0.934576,0.934576,1.15679,0.997898518,45.56,65.14,298.97,247.41,332.13,344.53,305.76,27.502,27.417,27.4595,,253.3076871,252.524793,252.9162401,https://doi.org/10.1016/j.matdes.2024.113096,,,100
0,0,0,8,27,0,0,0,0,0,41.9,0,0,0,0,23.1,0,0,0,Cu8.0Hf27.0Ni41.9Ti23.1,Cu80Hf270Ni419Ti231,NiTiHfCu,0.647085,7.239251,11.307,2.7377967,88.925792,9.41665,10.83,TRUE,3.1431,3.10992,4.14056,4.88988,100.493,B19prime_pw,0.930119,,0.931506,0.931506,1.150677,0.996959704,30.22,46.885,191.51,132.12,195.67,221.73,185.2575,17.414,16.492,16.953,,164.448476,155.7416026,160.0950393,https://doi.org/10.1016/j.matdes.2024.113096,,,100
0,0,0,7,26,0,0,0,0,0,43.1,0,0,0,0,23.9,0,0,0,Cu7.0Hf26.0Ni43.1Ti23.9,Cu70Hf260Ni431Ti239,NiTiHfCu,0.648668,7.240039,11.283,2.718121,87.592688,9.37535,10.79,TRUE,3.12,3.124,4.11,4.901,103.1,B19prime_pw,0.916976,,0.931477,0.931477,1.181304,1.009001424,40.72,57.69,286.36,237.8,312.46,327.08,290.925,27.056,30.505,28.7805,,252.7807246,285.0042876,268.8925061,https://doi.org/10.1016/j.matdes.2024.113096,,,100
0,0,0,15,12,0,0,0,0,0,34.6,0,0,0,0,38.4,0,0,0,Cu15.0Hf12.0Ni34.6Ti38.4,Cu75Hf60Ni173Ti192,NiTiHfCu,0.676444,7.243334,10.848,2.279558,69.639544,9.0452,9.38,TRUE,3.085,3.078,4.103,4.896,102.8,B19prime_pw,0.920022,,0.940441,0.940441,1.186746,1.026803981,20.61,23.075,38.93,25.13,50.67,59.54,43.5675,16.78,17.18,16.98,,129.1902388,132.2698631,130.730051,https://doi.org/10.1016/j.matdes.2024.113096,,,100
0,0,0,15,27,0,0,0,0,0,35.4,0,0,0,0,22.6,0,0,0,Cu15.0Hf27.0Ni35.4Ti22.6,Cu75Hf135Ni177Ti113,NiTiHfCu,0.64698,7.24937,11.322,2.709542,89.319606,9.4328,10.66,TRUE,3.136,3.128,4.131,4.907,102.1,B19prime_pw,0.922693,,0.93146,0.93146,1.169502,1.005130391,28.87,37.975,70.85,43.57,90.65,99.72,76.1975,13.243,13.77,13.5065,,125.3985606,130.3887472,127.8936539,https://doi.org/10.1016/j.matdes.2024.113096,,,100
0,0,0,9,26,0,0,0,0,0,41,0,0,0,0,24,0,0,0,Cu9.0Hf26.0Ni41.0Ti24.0,Cu9Hf26Ni41Ti24,NiTiHfCu,0.648934,7.240959,11.28,2.7062,87.678914,9.3898,10.73,TRUE,3.119,3.13,4.103,4.899,102.9,B19prime_pw,0.920284,,0.930189,0.930189,1.180545,1.010591444,42.2,59.485,299.52,250.85,327.62,341.72,304.9275,26.974,26.393,26.6835,,251.8744836,246.4492936,249.1618886,https://doi.org/10.1016/j.matdes.2024.113096,,,100
0,0,0,5,20,0,0,0,0,0,45.3,0,0,0,0,29.7,0,0,0,Cu5.0Hf20.0Ni45.3Ti29.7,Cu50Hf200Ni453Ti297,NiTiHfCu,0.659674827,7.24011404,11.109,2.5624431,79.6799092,9.18885,10.4,TRUE,3.093,3.06,4.1,4.83,101.6,B19prime,0.921196662,,0.937322277,0.937322277,1.161660353,1.003045103,32,16,114,,,146,,12.26,,12.26,,106.31,,106.31,https://doi.org/10.1016/j.msea.2014.12.111,,,100
0,0,0,5,18.3,0,0,0,0,0,44.5,0,0,0,0,32.2,0,0,0,Cu5.0Hf18.3Ni44.5Ti32.2,Cu50Hf183Ni445Ti322,NiTiHfCu,0.663879778,7.23367245,11.034,2.5058135,77.372707,9.17365,10.22,TRUE,3.06,3.01,4.11,4.78,101.2,B19prime,0.920821445,,0.949741461,0.949741461,1.157471404,1.012257709,60,57.5,96.85,56.85,111.85,156.85,105.6,,,,,,,,https://doi.org/10.1134/S0031918X16120115,,,100
0,0,0,2.5,14.2,0,0,0,0,0,47,0,0,0,0,36.4,0,0,0,Cu2.5Hf14.2Ni47.0Ti36.4,Cu25Hf142Ni470Ti364,NiTiHfCu,0.6715734,7.23122989,10.90909091,2.404463668,71.87184416,9.047442557,9.93,TRUE,3.088,3.037,4.099,4.819,101.46,B19prime,0.918211838,,0.938610977,0.938610977,1.158359946,0.998325233,49,43.5,125,75,113,174,121.75,,,,,,,,https://doi.org/10.1016/j.intermet.2013.11.009,,,100.1
0,0,0,3,15,0,0,0,0,0,47,0,0,0,0,35,0,0,0,Cu3.0Hf15.0Ni47.0Ti35.0,Cu3Hf15Ni47Ti35,NiTiHfCu,0.669392825,7.2360999,10.95,2.4294,73.019228,9.0506,10.01,TRUE,,,,,,B19prime,,0.941,,0.941,,,53.86,53.86,,,,,,,,,,,,,https://doi.org/10.1016/j.jallcom.2021.163322,,,100
0,0,0,0,10,0,0,0,0,0,50.3,0,0,0,0,29.7,0,10,0,Hf10.0Ni50.3Ti29.7Zr10.0,Hf100Ni503Ti297Zr100,NiTiHfZr,0.657720993,7.21666804,11.109,2.6466351,70.7106792,9.22085,10.63,FALSE,3.1,4.905,4.078,3.065,103.66,B19prime,0.905331095,0.933,0.930187566,0.930187566,1.187304816,0.999862307,89,90.5,89,50,142,178,114.75,,,,,,,,https://doi.org/10.1016/j.jallcom.2021.163322,,,100
0,0,0,0,0,0,0,0,0,0,24.5,25,0,0,0,50.5,0,0,0,Ni24.5Pd25.0Ti50.5,Ni49Pd50Ti101,NiTiPd,0.712798067,7.4041766,10.485,1.5273725,65.157718,9.12775,6.77,FALSE,3.102,2.788,4.462,4.7,90,B19,0.898774984,,1.01712136,1.01712136,1.071373911,0.979410639,15.7,16.65,179.4,166.5,184.1,195.1,181.275,22.4,,22.4,,159.9,,159.9,https://doi.org/10.1007/s11661-010-0245-z,,,100
0,0,0,0,0,0,0,0,0,0,43,7,0,0,0,50,0,0,0,Ni43.0Pd7.0Ti50.0,Ni43Pd7Ti50,NiTiPd,0.701731417,7.282757,10.5,1.8871,56.621062,8.7529,8.11,FALSE,3.032,2.849,4.275,4.547,90,B19,0.939643799,0.997,0.996992576,0.996992576,1.060426957,0.993426946,26.2,26.2,,,,,,,30,30,6.75,,202.5,202.5,https://doi.org/10.1080/14786430903074755,https://doi.org/10.1007/s40830-016-0052-5,https://doi.org/10.1016/j.actamat.2009.05.034,100
0,0,0,0,0,0,0,0,0,0,39,11,0,0,0,50,0,0,0,Ni39.0Pd11.0Ti50.0,Ni39Pd11Ti50,NiTiPd,0.704055083,7.310641,10.5,1.8083,58.530126,8.8317,7.86,FALSE,,,,,,B19,,1.008,,1.008,,,6.698,6.698,,,,,,,,,,,,,https://doi.org/10.1016/j.jmps.2013.08.004,https://doi.org/10.1002/adfm.200902336,,100
0,0,0,0,0,0,0,0,0,0,39.25,10.75,0,0,0,50,0,0,0,Ni39.25Pd10.75Ti50.0,Ni157Pd43Ti200,NiTiPd,0.703909854,7.30889825,10.5,1.813225,58.4108095,8.826775,7.88,FALSE,,,,,,B19,,1.006,,1.006,,,6.849,6.849,,,,,,,,,,,,,https://doi.org/10.1016/j.jmps.2013.08.004,,,100
0,0,0,0,0,0,0,0,0,0,39.5,10.5,0,0,0,50,0,0,0,Ni39.5Pd10.5Ti50.0,Ni79Pd21Ti100,NiTiPd,0.703764625,7.3071555,10.5,1.81815,58.291493,8.82185,7.89,FALSE,,,,,,B19,,1.005,,1.005,,,6.344,6.344,,,,,,,,,,,,,https://doi.org/10.1016/j.jmps.2013.08.004,,,100
0,0,0,0,0,0,0,0,0,0,39.75,10.25,0,0,0,50,0,0,0,Ni39.75Pd10.25Ti50.0,Ni159Pd41Ti200,NiTiPd,0.703619396,7.30541275,10.5,1.823075,58.1721765,8.816925,7.91,FALSE,,,,,,B19,,1.003,,1.003,,,5.44,5.44,,,,,,,,,,,,,https://doi.org/10.1016/j.jmps.2013.08.004,,,100
0,0,0,0,0,0,0,0,0,0,40,10,0,0,0,50,0,0,0,Ni40.0Pd10.0Ti50.0,Ni4Pd1Ti5,NiTiPd,0.703474167,7.30367,10.5,1.828,58.05286,8.812,7.93,FALSE,,,,,,B19,,1.002,,1.002,,,4.624,4.624,,,,,,,,,,,,,https://doi.org/10.1016/j.jmps.2013.08.004,,,100
0,0,0,0,0,0,0,0,0,0,40.25,9.75,0,0,0,50,0,0,0,Ni40.25Pd9.75Ti50.0,Ni161Pd39Ti200,NiTiPd,0.703328938,7.30192725,10.5,1.832925,57.9335435,8.807075,7.94,FALSE,,,,,,B19,,1.001,,1.001,,,4.03,4.03,,,,,,,,,,,,,https://doi.org/10.1016/j.jmps.2013.08.004,,,100
0,0,0,0,0,0,0,0,0,0,40.5,9.5,0,0,0,50,0,0,0,Ni40.5Pd9.5Ti50.0,Ni81Pd19Ti100,NiTiPd,0.703183708,7.3001845,10.5,1.83785,57.814227,8.80215,7.96,FALSE,,,,,,B19,,0.992,,0.992,,,3.3,3.3,,,,,,,,,,,,,https://doi.org/10.1016/j.jmps.2013.08.004,,,100
0,0,0,0,0,0,0,0,0,0,3.5,46,0,0,0,50.5,0,0,0,Ni3.5Pd46.0Ti50.5,Ni7Pd92Ti101,NiTiPd,0.724997317,7.5505676,10.485,1.1095355,75.180304,9.54145,4.2,FALSE,,,,,,B19,,1.05,,1.05,,,28,34,484.85,468.85,508.85,512.85,493.85,,,,,,,,https://doi.org/10.1007/s40830-016-0052-5,https://doi.org/10.1007/s11661-010-0365-5,,100
0,0,0,0,0,0,0,0,0,0,24.5,25,0,0,0,50.5,0,0,0,Ni24.5Pd25.0Ti50.5,Ni49Pd50Ti101,NiTiPd,0.712798067,7.4041766,10.485,1.5273725,65.157718,9.12775,6.77,FALSE,3.102,2.789,4.466,4.7,90,B19,0.899097357,1.022,1.018033167,1.018033167,1.071373911,0.98064025,15.7,16.65,179.4,166.5,184.1,195.1,181.275,,,,,,,,https://doi.org/10.1016/j.msea.2013.02.035,,,100
0,0,0,0,0,0,0,0,0,0,40.75,9.25,0,0,0,50,0,0,0,Ni40.75Pd9.25Ti50.0,Ni163Pd37Ti200,NiTiPd,0.703038479,7.29844175,10.5,1.842775,57.6949105,8.797225,7.97,FALSE,,,,,,B19,,1,,1,,,2,2,,,,,,,,,,,,,https://doi.org/10.1016/j.jmps.2013.08.004,,,100
0,0,0,0,0,0,0,0,0,0,40,10,0,0,0,50,0,0,0,Ni40.0Pd10.0Ti50.0,Ni4Pd1Ti5,NiTiPd,0.703474167,7.30367,10.5,1.828,58.05286,8.812,7.93,FALSE,3.047,2.844,4.308,4.593,90,B19,0.933377092,1,0.999742702,0.999742702,1.065881669,0.994613555,12,12,,,,,,,16,16,,,,,https://doi.org/10.1080/14786430903074755,https://doi.org/10.1007/s40830-016-0052-5,,100
0,0,0,0,0,0,0,0,0,0,41,9,0,0,0,50,0,0,0,Ni41.0Pd9.0Ti50.0,Ni41Pd9Ti50,NiTiPd,0.70289325,7.296699,10.5,1.8477,57.575594,8.7923,7.99,FALSE,,,,,,B19,,1,,1,,,4.32,4.32,,,,,,,,,,,,,https://doi.org/10.1016/j.jmps.2013.08.004,,,100
0,0,0,0,0,0,0,0,0,0,41.5,8.5,0,0,0,50,0,0,0,Ni41.5Pd8.5Ti50.0,Ni83Pd17Ti100,NiTiPd,0.702602792,7.2932135,10.5,1.85755,57.336961,8.78245,8.02,FALSE,,,,,,B19,,0.999,,0.999,,,4.7,4.7,,,,,,,,,,,,,https://doi.org/10.1016/j.jmps.2013.08.004,,,100
0,0,0,0,0,0,0,0,0,0,24.8,25,0,0,0,50.2,0,0,0,Ni24.8Pd25.0Ti50.2,Ni124Pd125Ti251,NiTiPd,0.712431977,7.40661164,10.494,1.5304976,65.1901972,9.1156,6.79,FALSE,3.091,2.784,4.459,4.697,90,B19,0.900679392,1.02,1.020054719,1.020054719,1.07450034,0.987188875,20,20.45,164.6,151.6,172.5,184.6,168.325,,,,,,,,https://doi.org/10.1016/j.msea.2013.02.035,,,100
0,0,0,0,0,0,0,0,0,0,39,11,0,0,0,50,0,0,0,Ni39.0Pd11.0Ti50.0,Ni39Pd11Ti50,NiTiPd,0.704055083,7.310641,10.5,1.8083,58.530126,8.8317,7.86,FALSE,3.05,2.83,4.314,4.604,90,B19,0.927868852,1,1.000150378,1.000150378,1.067383482,0.99054082,13,13,,,,,,,23,23,6.85,,157.55,157.55,https://doi.org/10.1080/14786430903074755,https://doi.org/10.1016/j.actamat.2009.05.034,,100
0,0,0,0,0,0,0,0,0,0,34,16,0,0,0,50,0,0,0,Ni34.0Pd16.0Ti50.0,Ni17Pd8Ti25,NiTiPd,0.706959667,7.345496,10.5,1.7098,60.916456,8.9302,7.52,FALSE,,,,,,B19,,1.005,,1.005,,,20.97,20.97,,,,,,,38,38,7.11,,270.18,270.18,https://doi.org/10.1016/j.actamat.2009.05.034,,,100
0,0,0,0,0,0,0,0,0,0,32,18,0,0,0,50,0,0,0,Ni32.0Pd18.0Ti50.0,Ni16Pd9Ti25,NiTiPd,0.7081215,7.359438,10.5,1.6704,61.870988,8.9696,7.38,FALSE,3.056,2.819,4.343,4.628,90,B19,0.922447644,1.005,1.004896843,1.004896843,1.070841029,0.992631859,22,22,,,,,,,58,58,7.2,,417.6,417.6,https://doi.org/10.1080/14786430903074755,https://doi.org/10.1016/j.actamat.2009.05.034,,100
0,0,0,0,0,0,0,0,0,0,28,20,0,0,0,52,0,0,0,Ni28.0Pd20.0Ti52.0,Ni7Pd5Ti13,NiTiPd,0.711723933,7.3571464,10.44,1.612,62.608992,9.09,7.1,FALSE,,,,,,B19,,1.006,,1.006,,,26,26,,,,,,,56,56,7.35,,411.6,411.6,https://doi.org/10.1016/j.actamat.2009.05.034,,,100
0,0,0,0,0,0,0,0,0,0,30,20,0,0,0,50,0,0,0,Ni30.0Pd20.0Ti50.0,Ni3Pd2Ti5,NiTiPd,0.709283333,7.37338,10.5,1.631,62.82552,9.009,7.22,FALSE,3.051,2.82,4.34,4.613,90,B19,0.924287119,1.006,1.005848388,1.005848388,1.069119496,0.993952599,26,26,,,,,,,,,,,,,https://doi.org/10.1080/14786430903074755,,,100
0,0,0,0,0,0,0,0,0,0,28,22,0,0,0,50,0,0,0,Ni28.0Pd22.0Ti50.0,Ni14Pd11Ti25,NiTiPd,0.710445167,7.387322,10.5,1.5916,63.780052,9.0484,7.06,FALSE,,,,,,B19,,1.006,,1.006,,,,,,,,,,,70,70,7.4,,518,518,https://doi.org/10.1016/j.actamat.2009.05.034,,,100
0,0,0,0,0,0,0,0,0,0,25,25,0,0,0,50,0,0,0,Ni25.0Pd25.0Ti50.0,Ni1Pd1Ti2,NiTiPd,0.712187917,7.408235,10.5,1.5325,65.21185,9.1075,6.81,FALSE,3.063,2.807,4.361,4.667,90,B19,0.916421809,1.007,1.006755688,1.006755688,1.07739711,0.994020438,32,32,,,,,,,60,60,7.54,,452.4,452.4,https://doi.org/10.1080/14786430903074755,https://doi.org/10.1016/j.actamat.2009.05.034,,100
0,0,0,0,0,0,0,0,0,0,25.07,25.75,0,0,0,49.18,0,0,0,Ni25.07Pd25.75Ti49.18,Ni10536986433Pd10822792208Ti20670482360,NiTiPd,0.711622958,7.420119026,10.5246,1.525499666,65.65857598,9.089065,6.8,FALSE,3.097,2.786,4.443,4.699,90,B19,0.899580239,1.014,1.014425389,1.014425389,1.072875287,0.97905989,15.7,16.65,179.4,166.5,184.1,195.1,181.275,22.4,,22.4,,159.9,,159.9,https://doi.org/10.1016/j.msea.2014.06.104,,,100
0,0,0,0,0,0,0,0,0,0,41,9,0,0,0,50,0,0,0,Ni41.0Pd9.0Ti50.0,Ni41Pd9Ti50,NiTiPd,0.70289325,7.296699,10.5,1.8477,57.575594,8.7923,7.99,FALSE,3.047,2.846,4.304,4.583,90,B19,0.934033476,0.999,0.998814436,0.998814436,1.063561004,0.992223839,18,18,,,,,,,14,14,6.76,,94.64,94.64,https://doi.org/10.1080/14786430903074755,https://doi.org/10.1016/j.actamat.2009.05.034,,100
0,0,0,0,0,0,0,0,0,0,34.5,15,0,0,0,50.5,0,0,0,Ni34.5Pd15.0Ti50.5,Ni69Pd30Ti101,NiTiPd,0.7069889,7.3344666,10.485,1.7263425,60.385058,8.93075,7.57,FALSE,,,,,,B19,,1.01,,1.01,,,10,10,72.85,64.85,74.85,82.85,73.85,,,,,,,,https://doi.org/10.1007/s40830-016-0052-5,https://doi.org/10.1007/s11661-010-0365-5,,100
0,0,0,11.5,0,0,0,0,0,0,34.5,4.5,0,0,0,49.5,0,0,0,Cu11.5Ni34.5Pd4.5Ti49.5,Cu23Ni69Pd9Ti99,NiTiPdCu,0.7004987,7.2793446,10.515,1.877832,56.040078,8.7432,7.92,FALSE,3.036,2.886,4.292,4.535,90,B19,0.950592885,0.999,0.99963844,0.99963844,1.056234932,1.003686388,5.2,5.55,18,13.4,19.3,23.2,18.475,,,,,,,,https://doi.org/10.1016/j.scriptamat.2016.03.003,,,100
0,0,0,12.3,0,0,0,0,0,0,34.4,3.1,0,0,0,50.2,0,0,0,Cu12.3Ni34.4Pd3.1Ti50.2,Cu123Ni344Pd31Ti502,NiTiPdCu,0.700597347,7.26459608,10.494,1.89943748,55.3349416,8.74813,7.96,FALSE,,,,,,B19,,1,,1,,,,,,,,,,,,,,,,,https://doi.org/10.1002/adfm.200902336,,,100
0,0,0,0,20,0,0,0,0,0,45.3,5,0,0,0,29.7,0,0,0,Hf20.0Ni45.3Pd5.0Ti29.7,Hf200Ni453Pd50Ti297,NiTiPdHf,0.66221866,7.27064004,11.109,2.4903781,81.8236092,9.26135,10.23,FALSE,3.121,3.072,4.128,4.892,102.6,B19prime,0.909706554,,0.935256903,0.935256903,1.170352206,0.995746581,40,33.5,110,75,102,150,109.25,,,,,,,,https://doi.org/10.1007/s10853-014-8757-3,,,100
0,0,0,0,20,0,0,0,0,0,45.3,5,0,0,0,29.7,0,0,0,Hf20.0Ni45.3Pd5.0Ti29.7,Hf200Ni453Pd50Ti297,NiTiPdHf,0.66221866,7.27064004,11.109,2.4903781,81.8236092,9.26135,10.23,FALSE,3.102,3.069,4.105,4.888,103.2,B19prime,0.908978407,,0.935742533,0.935742533,1.180720459,1.004285114,76,76,,,,,,,,,,,,,https://doi.org/10.1016/j.actamat.2013.04.039,,,100
0,0,0,0,15,0,0,0,0,0,45.3,5,0,0,0,34.7,0,0,0,Hf15.0Ni45.3Pd5.0Ti34.7,Hf150Ni453Pd50Ti347,NiTiPdHf,0.671714868,7.27079254,10.959,2.3495381,75.2924592,9.12135,9.81,FALSE,3.085,3.034,4.109,4.805,100.9,B19prime,0.922625481,,0.941815807,0.941815807,1.152793229,1.001711909,56,42,50,35,63,106,63.5,,,,,,,,https://doi.org/10.1007/s10853-014-8757-3,,,100
0,0,0,0,10,0,0,0,0,0,45.3,5,0,0,0,39.7,0,0,0,Hf10.0Ni45.3Pd5.0Ti39.7,Hf100Ni453Pd50Ti397,NiTiPdHf,0.681211077,7.27094504,10.809,2.2086981,68.7613092,8.98135,9.34,FALSE,3.063,2.985,4.127,4.732,99.3,B19prime,0.927756055,,0.952735777,0.952735777,1.132400216,1.000935783,49,45,-4,-40,1,45,0.5,,,,,,,,https://doi.org/10.1007/s10853-014-8757-3,,,100
0,0,0,0,0,0,0,0,0,0,24.5,25,0,0.5,0,50,0,0,0,Ni24.5Pd25.0Sc0.5Ti50.0,Ni49Pd50Sc1Ti100,NiTiPdSc,0.711987162,7.40284345,10.495,1.5489545,65.14316256,9.14955,6.86,FALSE,3.108,2.798,4.471,4.706,90,B19,0.9002574,1.02,1.017205411,1.017205411,1.070670692,0.980463153,15,16.15,170.1,160.3,177.6,185.1,173.275,,,,,,,,https://doi.org/10.1016/j.msea.2013.02.035,,,100
0,0,0,0,0,0,0,0,0,0,24.5,25,0,0.5,0,50,0,0,0,Ni24.5Pd25.0Sc0.5Ti50.0,Ni49Pd50Sc1Ti100,NiTiPdSc,0.711987162,7.40284345,10.495,1.5489545,65.14316256,9.14955,6.86,FALSE,3.108,2.796,4.465,4.706,90,B19,0.8996139,,1.01584034,1.01584034,1.070670692,0.978447498,15,16.15,170.1,160.3,177.6,185.1,173.275,17.9,,17.9,,127.44,,127.44,https://doi.org/10.1007/s11661-010-0245-z,,,100
0,0,0,0,0,0,0,0,0,0,25.06,25.42,0,0.49,0,49.03,0,0,0,Ni25.06Pd25.42Sc0.49Ti49.03,Ni2964203790Pd3006786127Sc57959292Ti5799477726,NiTiPdSc,0.711051471,7.413752397,10.5242,1.550415901,65.45000411,9.117698,6.89,FALSE,3.087,2.793,4.445,4.689,90,B19,0.904761905,,1.018169628,1.018169628,1.074060155,0.989425387,18.4,18.4,,,,,,,,,,,,,https://doi.org/10.1016/j.actamat.2011.04.009,,,100
0,0,0,0,0,0,0,0,0,0,25.93,27.15,0,0,2.06,44.87,0,0,0,Ni25.93Pd27.15Ta2.06Ti44.87,Ni13378019587Pd14007452055Ta1062812200Ti23149700689,NiTiPdTa,0.709606577,7.463020774,10.61283872,1.520019523,69.31074677,9.02960204,6.81,FALSE,3.096,2.778,4.442,4.697,90,B19,0.897286822,1.015,1.014524652,1.014524652,1.072765036,0.976559039,25,27.65,147.6,128.5,158.8,172.6,151.875,16.7,,16.7,,126.43,,126.43,https://doi.org/10.1016/j.msea.2014.06.104,,,100.01
0,0,0,0,0,0,0,0,0,0,24.94,28.98,0,0,2.21,43.83,0,0,0,Ni24.94Pd28.98Ta2.21Ti43.83,Ni7630689040Pd8866774995Ta676175733Ti13410308766,NiTiPdTa,0.709614484,7.484003835,10.64035614,1.49131363,70.48589857,9.031143457,6.7,FALSE,3.098,2.778,4.448,4.701,90,B19,0.896707553,1.015,1.015239175,1.015239175,1.072985468,0.976816609,29.8,31.3,105.4,88.8,121.6,135.2,112.75,11.6,,11.6,,91.16,,91.16,https://doi.org/10.1016/j.msea.2014.06.104,,,99.96
0,0,0,0,0,0,0,0,0,0,25.94,27.42,0,0,0.84,45.8,0,0,0,Ni25.94Pd27.42Ta0.84Ti45.8,Ni1297Pd1371Ta42Ti2290,NiTiPdTa,0.709462254,7.458437448,10.6092,1.513863658,67.84848015,9.020858,6.81,FALSE,3.098,2.776,4.441,4.705,90,B19,0.896061975,1.014,1.013641451,1.013641451,1.073898452,0.975406458,23.2,25.05,179.1,161.6,188.5,202.3,182.875,19.8,,19.8,,144.19,,144.19,https://doi.org/10.1016/j.msea.2014.06.104,,,100
0,0,0,0,0,0,0,0,0,0,43,0,7,0,0,50,0,0,0,Ni43.0Pt7.0Ti50.0,Ni43Pt7Ti50,NiTiPt,0.705359167,7.32629,10.5,1.892,62.827542,8.79,8.11,FALSE,,,,,,B19,,0.999,,0.999,,,18,18,,,,,,,,,,,,,https://doi.org/10.1016/j.actamat.2009.05.034,,,100
0,0,0,0,0,0,0,0,0,0,28.5,0,21,0,0,50.5,0,0,0,Ni28.5Pt21.0Ti50.5,Ni57Pt42Ti101,NiTiPt,0.72135765,7.5068916,10.485,1.4945475,81.868094,9.16025,7.08,FALSE,3.084,2.768,4.467,4.688,90,B19,0.897535668,1.024,1.024204277,1.024204277,1.074875678,0.988090076,13.7,9.5,344.6,322,327.3,358.3,338.05,,,,,,,,https://doi.org/10.1016/j.msea.2013.02.035,,,100
0,0,0,0,0,0,0,0,0,0,40,0,10,0,0,50,0,0,0,Ni40.0Pt10.0Ti50.0,Ni4Pt1Ti5,NiTiPt,0.708656667,7.36586,10.5,1.82,66.91926,8.865,7.93,FALSE,,,,,,B19,,1.004,,1.004,,,25,25,,,,,,,,,,,,,https://doi.org/10.1016/j.actamat.2009.05.034,,,100
0,0,0,0,0,0,0,0,0,0,37,0,13,0,0,50,0,0,0,Ni37.0Pt13.0Ti50.0,Ni37Pt13Ti50,NiTiPt,0.711954167,7.40543,10.5,1.739,71.010978,8.94,7.73,FALSE,,,,,,B19,,1.013,,1.013,,,33,33,,,,,,,,,,,,,https://doi.org/10.1016/j.actamat.2009.05.034,,,100
0,0,0,0,0,0,0,0,0,0,50,0,0,0,0,45,0,5,0,Ni50.0Ti45.0Zr5.0,Ni10Ti9Zr1,NiTiZr,0.68737225,7.224249,10.65,2.194,55.44805,8.784,9.15,FALSE,3.041,2.94,4.116,4.671,98.09,B19prime,0.930177314,,0.95707054,0.95707054,1.117634939,0.994969256,,,,,,,,,,,,,,,https://doi.org/10.1016/j.jallcom.2005.02.031,,,100
0,0,0,0,0,0,0,0,0,0,49.5,0,0,0,0,40.5,0,10,0,Ni49.5Ti40.5Zr10.0,Ni99Ti81Zr20,NiTiZr,0.67768965,7.2104796,10.785,2.3594175,57.561768,8.97325,9.72,FALSE,3.065,2.99,4.09,4.78,100.9,B19prime,0.917201065,,0.943578054,0.943578054,1.15173299,0.996768233,61,59.5,105,74,132,166,119.25,,,,,,,,https://doi.org/10.2320/jinstmet.72.152,,,100
0,0,0,0,0,0,0,0,0,0,50.3,0,0,0,0,29.7,0,20,0,Ni50.3Ti29.7Zr20.0,Ni503Ti297Zr200,NiTiZr,0.65612791,7.19755104,11.109,2.7049831,61.9840792,9.27885,10.73,FALSE,3.112,3.076,4.079,4.946,103.689,B19prime,0.905946281,0.927,0.926827944,0.926827944,1.191321287,1.000300458,46,46,30.5,20.5,66.5,76.5,48.5,,,,,,,,https://doi.org/10.1016/j.actamat.2016.08.065,,,100
0,0,0,0,0,0,0,0,0,0,50.3,0,0,0,0,29.7,0,20,0,Ni50.3Ti29.7Zr20.0,Ni503Ti297Zr200,NiTiZr,0.65612791,7.19755104,11.109,2.7049831,61.9840792,9.27885,10.73,FALSE,3.102,3.084,4.072,4.92,104.032,B19prime,0.906132076,0.928,0.92822012,0.92822012,1.193803791,1.00409646,41,41,,,,,,,,,,,,,https://doi.org/10.1016/j.actamat.2016.08.065,,,100
0,0,0,0,0,0,0,0,0,0,50.3,0,0,0,0,29.7,0,20,0,Ni50.3Ti29.7Zr20.0,Ni503Ti297Zr200,NiTiZr,0.65612791,7.19755104,11.109,2.7049831,61.9840792,9.27885,10.73,FALSE,,,,,,B19prime,,0.937,,0.937,,,45.3,45.3,,,,,,,,,,,,,https://doi.org/10.1007/s40830-016-0052-5,,,100
0,0,0,0,0,0,0,0,0,0,50.3,0,0,0,0,29.7,0,20,0,Ni50.3Ti29.7Zr20.0,Ni503Ti297Zr200,NiTiZr,0.65612791,7.19755104,11.109,2.7049831,61.9840792,9.27885,10.73,FALSE,3.109,3.061,4.086,4.879,102.91,B19prime,0.907379442,0.929,0.929314348,0.929314348,1.173625763,0.989649051,65,65,,,,,,,,,,,,,https://doi.org/10.1016/j.actamat.2016.08.065,,,100
0,0,0,0,0,0,0,0,0,0,49.5,0,0,0,0,35.5,0,15,0,Ni49.5Ti35.5Zr15.0,Ni99Ti71Zr30,NiTiZr,0.6673969,7.2007686,10.935,2.5267275,59.729618,9.14225,10.23,FALSE,3.082,3.04,4.08,4.846,102.63,B19prime,0.911595225,,0.936079061,0.936079061,1.173914781,1.001731068,43.7,44.2,183.3,154.6,199.3,227,191.05,,,,,,,,https://doi.org/10.2320/jinstmet.72.152,,,100
0,0,0,0,0,0,0,0,0,0,50.3,0,0,0,0,32.2,0,17.5,0,Ni50.3Ti32.2Zr17.5,Ni503Ti322Zr175,NiTiZr,0.661274285,7.20240654,11.034,2.6199761,60.9001542,9.19435,10.51,FALSE,,,,,,B19prime,,0.936,,0.936,,,99.7,99.7,,,,,,,,,,,,,https://doi.org/10.1007/s40830-016-0052-5,,,100
0,0,0,0,0,0,0,0,0,0,50,0,0,0,0,35,0,15,0,Ni50.0Ti35.0Zr15.0,Ni10Ti7Zr3,NiTiZr,0.66678675,7.204827,10.95,2.532,59.78375,9.122,10.25,FALSE,3.094,3.055,4.117,4.89,102.31,B19prime,0.916354189,0.941,0.940904531,0.940904531,1.176520167,1.014397815,44.8,48.75,140.85,112.65,165.35,185.65,151.125,25.52,24.62,25.07,,167.25,161.35,164.3,https://doi.org/10.1016/j.intermet.2019.01.005,,,100
0,0,0,0,0,0,0,0,0,0,50,0,0,0,0,35,0,15,0,Ni50.0Ti35.0Zr15.0,Ni10Ti7Zr3,NiTiZr,0.66678675,7.204827,10.95,2.532,59.78375,9.122,10.25,FALSE,,,,,,B19prime,,0.939,,0.939,,,64.1,64.1,,,,,,,,,,,,,https://doi.org/10.1016/j.jallcom.2021.163322,,,100
0,0,0,0,0,0,0,0,0,0,50,0,0,0,0,35,0,15,0,Ni50.0Ti35.0Zr15.0,Ni10Ti7Zr3,NiTiZr,0.66678675,7.204827,10.95,2.532,59.78375,9.122,10.25,FALSE,3.084,3.038,4.855,4.087,102.51,B19prime,0.912065528,,0.937076983,0.937076983,1.173740061,1.003167006,37,53.5,201,125,195,238,189.75,,,,,,,,https://doi.org/10.1016/j.intermet.2013.11.009,,,100
0,0,0,0,0,0,0,0,0,0,50.3,0,0,0,0,29.7,0,20,0,Ni50.3Ti29.7Zr20.0,Ni503Ti297Zr200,NiTiZr,0.65612791,7.19755104,11.109,2.7049831,61.9840792,9.27885,10.73,FALSE,3.11,3.07,4.095,4.881,103.292,B19prime,0.905663941,0.931,0.931061823,0.931061823,1.177202926,0.992651786,40,40,,,,,,,,,,,,,https://doi.org/10.1016/j.actamat.2016.08.065,,,100
0,0,0,0,0,0,0,0,0,0,49.5,0,0,0,0,45.5,0,5,0,Ni49.5Ti45.5Zr5.0,Ni99Ti91Zr10,NiTiZr,0.6879824,7.2201906,10.635,2.1921075,55.393918,8.80425,9.14,FALSE,3.038,2.93,4.104,4.696,98.83,B19prime,0.923813828,,0.955222591,0.955222591,1.127568077,0.995020011,59.4,52,70.6,40,84.6,130,81.3,,,,,,,,https://doi.org/10.2320/jinstmet.72.152,,,100
